all_awardings,approved_at_utc,approved_by,archived,author,author_flair_background_color,author_flair_css_class,author_flair_richtext,author_flair_template_id,author_flair_text,author_flair_text_color,author_flair_type,author_fullname,author_patreon_flair,banned_at_utc,banned_by,can_gild,can_mod_post,category,clicked,content_categories,contest_mode,created,created_utc,distinguished,domain,downs,edited,gilded,gildings,hidden,hide_score,id,is_crosspostable,is_meta,is_original_content,is_reddit_media_domain,is_robot_indexable,is_self,is_video,likes,link_flair_background_color,link_flair_css_class,link_flair_richtext,link_flair_text,link_flair_text_color,link_flair_type,locked,media,media_embed,media_only,mod_note,mod_reason_by,mod_reason_title,mod_reports,name,no_follow,num_comments,num_crossposts,num_reports,over_18,parent_whitelist_status,permalink,pinned,post_hint,preview,pwls,quarantine,removal_reason,report_reasons,saved,score,secure_media,secure_media_embed,selftext,selftext_html,send_replies,spoiler,stickied,subreddit,subreddit_id,subreddit_name_prefixed,subreddit_subscribers,subreddit_type,suggested_sort,thumbnail,thumbnail_height,thumbnail_width,title,total_awards_received,ups,url,user_reports,view_count,visited,whitelist_status,wls
[],,,False,willburn61,,,[],,,,text,t2_s38oy54,False,,,False,False,,False,,False,1559988536.0,1559959736.0,,nationalgeographic.com,0,False,0,{},False,False,by2u5q,False,False,False,False,True,False,False,,,,[],,dark,text,False,,{},False,,,,[],t3_by2u5q,False,474,1,,False,all_ads,/r/todayilearned/comments/by2u5q/til_that_underneath_the_streets_of_beijing_there/,False,link,"{'images': [{'source': {'url': 'https://external-preview.redd.it/JsDLIlEbZyqgakvxwG29hDqYLa2hvb4Sry4GSlST9cE.jpg?auto=webp&amp;s=65c354ba3d8181a7d7aef01643f2a2105335e99f', 'width': 1900, 'height': 1900}, 'resolutions': [{'url': 'https://external-preview.redd.it/JsDLIlEbZyqgakvxwG29hDqYLa2hvb4Sry4GSlST9cE.jpg?width=108&amp;crop=smart&amp;auto=webp&amp;s=661dd3baee07e094f9dced5ba3391f7001c1d6c6', 'width': 108, 'height': 108}, {'url': 'https://external-preview.redd.it/JsDLIlEbZyqgakvxwG29hDqYLa2hvb4Sry4GSlST9cE.jpg?width=216&amp;crop=smart&amp;auto=webp&amp;s=018b96c61e46dbc349c877eedeb5d5b4d4467ecc', 'width': 216, 'height': 216}, {'url': 'https://external-preview.redd.it/JsDLIlEbZyqgakvxwG29hDqYLa2hvb4Sry4GSlST9cE.jpg?width=320&amp;crop=smart&amp;auto=webp&amp;s=0acc9d30ef1dbe1fbc63719a9ad8f60c9407ac31', 'width': 320, 'height': 320}, {'url': 'https://external-preview.redd.it/JsDLIlEbZyqgakvxwG29hDqYLa2hvb4Sry4GSlST9cE.jpg?width=640&amp;crop=smart&amp;auto=webp&amp;s=74819d6de455331c660012f30e810a044d35dcdd', 'width': 640, 'height': 640}, {'url': 'https://external-preview.redd.it/JsDLIlEbZyqgakvxwG29hDqYLa2hvb4Sry4GSlST9cE.jpg?width=960&amp;crop=smart&amp;auto=webp&amp;s=0106b58a165fcada454e7e4fbf2f897d54f542ac', 'width': 960, 'height': 960}, {'url': 'https://external-preview.redd.it/JsDLIlEbZyqgakvxwG29hDqYLa2hvb4Sry4GSlST9cE.jpg?width=1080&amp;crop=smart&amp;auto=webp&amp;s=1e15a7dfc432d1f1d05b91165d96f93fecc06406', 'width': 1080, 'height': 1080}], 'variants': {}, 'id': 'WscZpmkh4go97I89j0tray-Zajl4G3CJeYkz_T_aNbk'}], 'enabled': False}",6,False,,,False,10251,,{},,,True,False,False,todayilearned,t5_2qqjc,r/todayilearned,20943264,public,,https://b.thumbs.redditmedia.com/Z-u1wV54dfZN661V50IhUMqPYGsnOQDnyOl7RL_kCis.jpg,140.0,140.0,"TIL that Underneath the streets of Beijing, there are over a million people who live in nuclear bunkers.",0,10251,https://www.nationalgeographic.com/photography/proof/2017/02/atomic-rooms-beijing-china-housing/,[],,False,all_ads,6
[],,,False,XD_Various,,,[],,,,text,t2_3h4kv5ja,False,,,False,False,,False,,False,1559993310.0,1559964510.0,,atlasobscura.com,0,False,0,{},False,False,by3iw1,False,False,False,False,True,False,False,,,,[],,dark,text,False,,{},False,,,,[],t3_by3iw1,False,180,3,,False,all_ads,/r/todayilearned/comments/by3iw1/til_of_the_great_whiskey_fire_of_dulbin_that/,False,link,"{'images': [{'source': {'url': 'https://external-preview.redd.it/zbUuHdwaplkM0h7tg7r1nM4rnerXmRyJDRo3MXoPrNg.jpg?auto=webp&amp;s=a68b2e879f3c2408057909ae4d364960898e6355', 'width': 600, 'height': 475}, 'resolutions': [{'url': 'https://external-preview.redd.it/zbUuHdwaplkM0h7tg7r1nM4rnerXmRyJDRo3MXoPrNg.jpg?width=108&amp;crop=smart&amp;auto=webp&amp;s=12b93f2b3257b91580f41ace359f59d2e8ce3092', 'width': 108, 'height': 85}, {'url': 'https://external-preview.redd.it/zbUuHdwaplkM0h7tg7r1nM4rnerXmRyJDRo3MXoPrNg.jpg?width=216&amp;crop=smart&amp;auto=webp&amp;s=0949fbe22093a50330fd3d5315044fea324671ad', 'width': 216, 'height': 171}, {'url': 'https://external-preview.redd.it/zbUuHdwaplkM0h7tg7r1nM4rnerXmRyJDRo3MXoPrNg.jpg?width=320&amp;crop=smart&amp;auto=webp&amp;s=45c28a74568c0305b460bbb5d01e9c191b1015c3', 'width': 320, 'height': 253}], 'variants': {}, 'id': 'ceILD29LBi34z9hLc6EhjniEa3qYjOnzonuNpEab2aU'}], 'enabled': False}",6,False,,,False,6105,,{},,,True,False,False,todayilearned,t5_2qqjc,r/todayilearned,20943264,public,,https://b.thumbs.redditmedia.com/esFx7mTYX3mRQ5AvsF0sqBZQK9K2rIHMnFQsoS45tEk.jpg,110.0,140.0,"TIL of the Great Whiskey Fire of Dulbin that killed 13 people in 1875. None perished as a result of smoke, burns, or inhalation. All victims died of alcohol poisoning by drinking the whiskey flowing through the streets.",0,6105,https://www.atlasobscura.com/places/dublin-whiskey-fire,[],,False,all_ads,6
[],,,False,TedDanson-,,,[],,,,text,t2_10eard,False,,,False,False,,False,,False,1559977282.0,1559948482.0,,theguardian.com,0,False,0,{},False,False,by138z,False,False,False,False,True,False,False,,,,[],,dark,text,False,,{},False,,,,[],t3_by138z,False,833,2,,False,all_ads,/r/todayilearned/comments/by138z/til_about_team_negative_one_a_group_of_star_wars/,False,link,"{'images': [{'source': {'url': 'https://external-preview.redd.it/W8AJjCwGb_GL0_u4lBzJM85ZE2_9EiRxtW3UnhkVXDE.jpg?auto=webp&amp;s=d74f26290b5866f98f44f0a1811ba6362e04e6d8', 'width': 1200, 'height': 630}, 'resolutions': [{'url': 'https://external-preview.redd.it/W8AJjCwGb_GL0_u4lBzJM85ZE2_9EiRxtW3UnhkVXDE.jpg?width=108&amp;crop=smart&amp;auto=webp&amp;s=98b617f0824f1e91b6f76cffa62f6fa00e875b31', 'width': 108, 'height': 56}, {'url': 'https://external-preview.redd.it/W8AJjCwGb_GL0_u4lBzJM85ZE2_9EiRxtW3UnhkVXDE.jpg?width=216&amp;crop=smart&amp;auto=webp&amp;s=e010bbcf9e44a4ad0c868381779f0bd6a9162c07', 'width': 216, 'height': 113}, {'url': 'https://external-preview.redd.it/W8AJjCwGb_GL0_u4lBzJM85ZE2_9EiRxtW3UnhkVXDE.jpg?width=320&amp;crop=smart&amp;auto=webp&amp;s=37d0fe0b7b54ea9fa147ee4748f07f4987d1a8e6', 'width': 320, 'height': 168}, {'url': 'https://external-preview.redd.it/W8AJjCwGb_GL0_u4lBzJM85ZE2_9EiRxtW3UnhkVXDE.jpg?width=640&amp;crop=smart&amp;auto=webp&amp;s=a67302f2ca0bc9a3ce2bcf8bcb33369279f8ae2b', 'width': 640, 'height': 336}, {'url': 'https://external-preview.redd.it/W8AJjCwGb_GL0_u4lBzJM85ZE2_9EiRxtW3UnhkVXDE.jpg?width=960&amp;crop=smart&amp;auto=webp&amp;s=beba3901aae8a2e1793819c9a0345d66c4eaf1fc', 'width': 960, 'height': 504}, {'url': 'https://external-preview.redd.it/W8AJjCwGb_GL0_u4lBzJM85ZE2_9EiRxtW3UnhkVXDE.jpg?width=1080&amp;crop=smart&amp;auto=webp&amp;s=0356d58eb17a100c4f79fbce3300abb34baf63e3', 'width': 1080, 'height': 567}], 'variants': {}, 'id': 'RaluzucLD5HCV8_smbpF07n57k6pI_5310pnDiC91kk'}], 'enabled': False}",6,False,,,False,20351,,{},,,True,False,False,todayilearned,t5_2qqjc,r/todayilearned,20943264,public,,https://b.thumbs.redditmedia.com/fbdaAfT3YhQvAWc0tTOouldiSe9JYSccoLezaNnkIZg.jpg,73.0,140.0,TIL about Team Negative One. A group of Star Wars fans that scanned their own 35mm negatives and digitally restored the movie to it's pre-Special Edition glory.,0,20351,https://www.theguardian.com/film/2016/mar/05/star-wars-fans-restoration,[],,False,all_ads,6
[],,,False,hypersite,,,[],,,,text,t2_ds3wb,False,,,False,False,,False,,False,1559983885.0,1559955085.0,,en.wikipedia.org,0,False,0,{},False,False,by25jg,False,False,False,False,True,False,False,,,,[],,dark,text,False,,{},False,,,,[],t3_by25jg,False,58,0,,False,all_ads,/r/todayilearned/comments/by25jg/til_that_in_order_to_supply_water_to_the_parks_of/,False,link,"{'images': [{'source': {'url': 'https://external-preview.redd.it/oQfZ2ksFIIKaZvlAdqTQRqmlBNp1hTuzydW9YXFeCNk.jpg?auto=webp&amp;s=bec8e661b2929dd5810c66fbce3fed34b3d2316b', 'width': 1200, 'height': 833}, 'resolutions': [{'url': 'https://external-preview.redd.it/oQfZ2ksFIIKaZvlAdqTQRqmlBNp1hTuzydW9YXFeCNk.jpg?width=108&amp;crop=smart&amp;auto=webp&amp;s=cd2e42f3d0c44b20d6d5519d1a62c12dceb0ce10', 'width': 108, 'height': 74}, {'url': 'https://external-preview.redd.it/oQfZ2ksFIIKaZvlAdqTQRqmlBNp1hTuzydW9YXFeCNk.jpg?width=216&amp;crop=smart&amp;auto=webp&amp;s=61dfc5e9be97863a8517b3edcd0f788b7cae66dd', 'width': 216, 'height': 149}, {'url': 'https://external-preview.redd.it/oQfZ2ksFIIKaZvlAdqTQRqmlBNp1hTuzydW9YXFeCNk.jpg?width=320&amp;crop=smart&amp;auto=webp&amp;s=c6a6ce9ac0a07640603e58eae5fbc32f3d1a65ea', 'width': 320, 'height': 222}, {'url': 'https://external-preview.redd.it/oQfZ2ksFIIKaZvlAdqTQRqmlBNp1hTuzydW9YXFeCNk.jpg?width=640&amp;crop=smart&amp;auto=webp&amp;s=1a445aae3d26c845bafa24d2db42363a674441f3', 'width': 640, 'height': 444}, {'url': 'https://external-preview.redd.it/oQfZ2ksFIIKaZvlAdqTQRqmlBNp1hTuzydW9YXFeCNk.jpg?width=960&amp;crop=smart&amp;auto=webp&amp;s=9d0f8ccafb96cfd86e414be1c50e5fff12934227', 'width': 960, 'height': 666}, {'url': 'https://external-preview.redd.it/oQfZ2ksFIIKaZvlAdqTQRqmlBNp1hTuzydW9YXFeCNk.jpg?width=1080&amp;crop=smart&amp;auto=webp&amp;s=a7adb54605208c643a4d2d5fe3edc3250bd7516d', 'width': 1080, 'height': 749}], 'variants': {}, 'id': 'rHtVs4CXdkUJRach_B0EkgD6yJ8tEk0UT3G-KB1X9CU'}], 'enabled': False}",6,False,,,False,4357,,{},,,True,False,False,todayilearned,t5_2qqjc,r/todayilearned,20943264,public,,https://b.thumbs.redditmedia.com/GL4hEYk4eLnBSlpCSZXe6ZELHCjX22UowbEQcXIIOSU.jpg,97.0,140.0,"TIL that In order to supply water to the parks of the Palace of Versailles, Louis XIV ordered the construction of the machine Marly to pump water from the Seine located 10 km from the castle with a drop of 150 meters. This machine, considered one of the most complex of its time worked for 133 years",0,4357,https://en.wikipedia.org/wiki/Machine_de_Marly,[],,False,all_ads,6
[],,,False,BenNSyder,,,[],,,,text,t2_wmmsa,False,,,False,False,,False,,False,1559967377.0,1559938577.0,,en.wikipedia.org,0,False,0,{},False,False,bxzaff,False,False,False,False,True,False,False,,,,[],,dark,text,False,,{},False,,,,[],t3_bxzaff,False,226,0,,False,all_ads,/r/todayilearned/comments/bxzaff/til_in_1969_samuel_l_jackson_was_expelled_from/,False,link,"{'images': [{'source': {'url': 'https://external-preview.redd.it/VFxjv8UijTDyK3pAyQz6s7a50kMC1as6EW3I_3vbeQM.jpg?auto=webp&amp;s=df7e411053910865a36bb973e102a879e1b486a6', 'width': 220, 'height': 298}, 'resolutions': [{'url': 'https://external-preview.redd.it/VFxjv8UijTDyK3pAyQz6s7a50kMC1as6EW3I_3vbeQM.jpg?width=108&amp;crop=smart&amp;auto=webp&amp;s=ad5f25b6bb35548077ad9285485e6b0045481c54', 'width': 108, 'height': 146}, {'url': 'https://external-preview.redd.it/VFxjv8UijTDyK3pAyQz6s7a50kMC1as6EW3I_3vbeQM.jpg?width=216&amp;crop=smart&amp;auto=webp&amp;s=a60e64cf207272debc21a6d7bde7364267abf4ab', 'width': 216, 'height': 292}], 'variants': {}, 'id': 'XVfnJvVdtNP_aaZQsGGdZfZFd6x0yt7ICpBWELm7RwU'}], 'enabled': False}",6,False,,,False,13340,,{},,,False,False,False,todayilearned,t5_2qqjc,r/todayilearned,20943264,public,,https://b.thumbs.redditmedia.com/tJ1oGEp6ih0A2D7W1X3I-bAbbIb2D2-VO5kd_njKw0o.jpg,140.0,140.0,"TIL In 1969, Samuel L Jackson was expelled from Morehouse for holding the board of trustees hostage, including MLK Sr., demanding reform in the school's curriculum and governance. His mother, afraid of him becoming a person of interest for the FBI, sent him to LA where he began acting.",0,13340,https://en.wikipedia.org/wiki/Samuel_L._Jackson,[],,False,all_ads,6
[],,,False,TheDood715,,,[],,,,text,t2_5lyin,False,,,False,False,,False,,False,1559988883.0,1559960083.0,,forbondfansonly.com,0,False,0,{},False,False,by2vxh,False,False,False,False,True,False,False,,,,[],,dark,text,False,,{},False,,,,[],t3_by2vxh,False,72,0,,False,all_ads,/r/todayilearned/comments/by2vxh/til_goldfinger_was_banned_in_israel_after_it_was/,False,link,"{'images': [{'source': {'url': 'https://external-preview.redd.it/WiubxeCA06hWGSUGgHkP-xS9OByAuIwBEcunT8GBJeE.jpg?auto=webp&amp;s=0da6131ce2894f9bfa798fcc09f1e741f45a2dc9', 'width': 595, 'height': 397}, 'resolutions': [{'url': 'https://external-preview.redd.it/WiubxeCA06hWGSUGgHkP-xS9OByAuIwBEcunT8GBJeE.jpg?width=108&amp;crop=smart&amp;auto=webp&amp;s=d78de25efb542310280a636cdf62b3df0fa2e889', 'width': 108, 'height': 72}, {'url': 'https://external-preview.redd.it/WiubxeCA06hWGSUGgHkP-xS9OByAuIwBEcunT8GBJeE.jpg?width=216&amp;crop=smart&amp;auto=webp&amp;s=c250ea2e871d122c7eaa87e765ba161b100e31c7', 'width': 216, 'height': 144}, {'url': 'https://external-preview.redd.it/WiubxeCA06hWGSUGgHkP-xS9OByAuIwBEcunT8GBJeE.jpg?width=320&amp;crop=smart&amp;auto=webp&amp;s=d86667f79b8e5b4cb7df551f71c66511a4431fc9', 'width': 320, 'height': 213}], 'variants': {}, 'id': 'K0iNmQGSAKMsPF-WlCI-_1wmWVwAJO-qw7n8FihJ-XA'}], 'enabled': False}",6,False,,,False,1141,,{},,,True,False,False,todayilearned,t5_2qqjc,r/todayilearned,20943264,public,,https://b.thumbs.redditmedia.com/avEyOenKcS9v46OGNHipJz0HzhnA_rPhIOJSniHLvtE.jpg,93.0,140.0,"TIL Goldfinger was banned in Israel after it was reported that the actor playing Goldfinger, Gert Fröbe, was a former member of the Nazi party. The ban was lifted when it was discovered he helped to hide two Jews in his basement during the war.",0,1141,https://forbondfansonly.com/posts/why-goldfinger-was-banned-in-israel,[],,False,all_ads,6
[],,,False,lmtysamlife,,,[],,,,text,t2_2v0cjlxk,False,,,False,False,,False,,False,1559960459.0,1559931659.0,,zmescience.com,0,False,0,{},False,False,bxxyhl,False,False,False,False,True,False,False,,,,[],,dark,text,False,,{},False,,,,[],t3_bxxyhl,False,160,1,,False,all_ads,/r/todayilearned/comments/bxxyhl/til_in_2005_a_psychologist_and_an_economist/,False,link,"{'images': [{'source': {'url': 'https://external-preview.redd.it/g3hklRDdyvC5_dBJtlszywgNF49FC1ALw78Garqqxw8.jpg?auto=webp&amp;s=9dcf5a82c6d62374e13c6d968ae485d03066466d', 'width': 535, 'height': 374}, 'resolutions': [{'url': 'https://external-preview.redd.it/g3hklRDdyvC5_dBJtlszywgNF49FC1ALw78Garqqxw8.jpg?width=108&amp;crop=smart&amp;auto=webp&amp;s=d9cfa19e4548555214b2eb23d215221e6aec4727', 'width': 108, 'height': 75}, {'url': 'https://external-preview.redd.it/g3hklRDdyvC5_dBJtlszywgNF49FC1ALw78Garqqxw8.jpg?width=216&amp;crop=smart&amp;auto=webp&amp;s=bde14fd5bd1641913c39efc600a127cfe1817e5c', 'width': 216, 'height': 150}, {'url': 'https://external-preview.redd.it/g3hklRDdyvC5_dBJtlszywgNF49FC1ALw78Garqqxw8.jpg?width=320&amp;crop=smart&amp;auto=webp&amp;s=2b4e804e0724fa311f05f886de9a7dc9534fcf5f', 'width': 320, 'height': 223}], 'variants': {}, 'id': 'YjTm0sNWyZnaR6CJwo5RT4W-NOYA6H6fCHiR_eQe7ZU'}], 'enabled': False}",6,False,,,False,4988,,{},,,True,False,False,todayilearned,t5_2qqjc,r/todayilearned,20943264,public,,https://b.thumbs.redditmedia.com/-rWNdBZLHigekXN1Vi7Fneho6HOAcI7vR_WG7KN3WgA.jpg,97.0,140.0,"TIL In 2005, a psychologist and an economist taught a group of monkeys the concept of money - Soon, the monkeys began to engage in prostitution.",0,4988,https://www.zmescience.com/research/how-scientists-tught-monkeys-the-concept-of-money-not-long-after-the-first-prostitute-monkey-appeared/,[],,False,all_ads,6
[],,,False,PlanetoftheAtheists,,,[],,,,text,t2_4kdwb,False,,,False,False,,False,,False,1559990892.0,1559962092.0,,mentalfloss.com,0,False,0,{},False,False,by36j9,False,False,False,False,True,False,False,,,,[],,dark,text,False,,{},False,,,,[],t3_by36j9,False,65,0,,False,all_ads,/r/todayilearned/comments/by36j9/til_the_hardy_boysnancy_drew_series_are_still/,False,link,"{'images': [{'source': {'url': 'https://external-preview.redd.it/jQAk7MG_7QJWR-smkBoyOihFs9F6pb6gufA3XGsY8Os.jpg?auto=webp&amp;s=4c91d2fe1eef82aa5a41831ef647d3d4c4d13d7a', 'width': 2220, 'height': 1248}, 'resolutions': [{'url': 'https://external-preview.redd.it/jQAk7MG_7QJWR-smkBoyOihFs9F6pb6gufA3XGsY8Os.jpg?width=108&amp;crop=smart&amp;auto=webp&amp;s=21a72b3144e8c72f818cfb38220ae765301dfba9', 'width': 108, 'height': 60}, {'url': 'https://external-preview.redd.it/jQAk7MG_7QJWR-smkBoyOihFs9F6pb6gufA3XGsY8Os.jpg?width=216&amp;crop=smart&amp;auto=webp&amp;s=96beb05d08be11b12518056e7e67cac7a3f08aad', 'width': 216, 'height': 121}, {'url': 'https://external-preview.redd.it/jQAk7MG_7QJWR-smkBoyOihFs9F6pb6gufA3XGsY8Os.jpg?width=320&amp;crop=smart&amp;auto=webp&amp;s=baceba3e544f507d2e27310870b33fbafe192fec', 'width': 320, 'height': 179}, {'url': 'https://external-preview.redd.it/jQAk7MG_7QJWR-smkBoyOihFs9F6pb6gufA3XGsY8Os.jpg?width=640&amp;crop=smart&amp;auto=webp&amp;s=fac84168954147f9921635fa0e847c5a6ad70667', 'width': 640, 'height': 359}, {'url': 'https://external-preview.redd.it/jQAk7MG_7QJWR-smkBoyOihFs9F6pb6gufA3XGsY8Os.jpg?width=960&amp;crop=smart&amp;auto=webp&amp;s=199ed01b39174f335ddd285e3d2fa823e2f58f48', 'width': 960, 'height': 539}, {'url': 'https://external-preview.redd.it/jQAk7MG_7QJWR-smkBoyOihFs9F6pb6gufA3XGsY8Os.jpg?width=1080&amp;crop=smart&amp;auto=webp&amp;s=97491be849a1cf6146c879edae6917869fb8b541', 'width': 1080, 'height': 607}], 'variants': {}, 'id': 'UG87JdMx-lDIey18YsoKYcrCKf_AvTVQR5XtPtApkaY'}], 'enabled': False}",6,False,,,False,560,,{},,,True,False,False,todayilearned,t5_2qqjc,r/todayilearned,20943264,public,,https://b.thumbs.redditmedia.com/TzNtFlFU6icUHeh3EFJP8K98DVWWOLNWX45jHLDhAIs.jpg,78.0,140.0,TIL The Hardy Boys/Nancy Drew series are still selling over one million copies annually,0,560,http://mentalfloss.com/article/66089/15-mysterious-facts-about-hardy-boys,[],,False,all_ads,6
[],,,False,YaBoiDepression44,,,[],,,,text,t2_vslenjw,False,,,False,False,,False,,False,1559974834.0,1559946034.0,,globalspec.com,0,False,0,{},False,False,by0o2l,False,False,False,False,True,False,False,,,,[],,dark,text,False,,{},False,,,,[],t3_by0o2l,False,54,0,,False,all_ads,/r/todayilearned/comments/by0o2l/til_gas_lines_are_reverse_threaded_so_that_they/,False,,,6,False,,,False,1088,,{},,,True,False,False,todayilearned,t5_2qqjc,r/todayilearned,20943264,public,,default,,,"TIL gas lines are reverse threaded so that they cannot be linked to other lines such as water, air, and ventilation and this is also done to keep kids from easily disconnecting them.",0,1088,https://www.globalspec.com/learnmore/flow_control_fluid_transfer/pipe_tubing_hose_accessories/gas_fittings,[],,False,all_ads,6
[],,,False,aunneste,,,[],,,,text,t2_2irdoc0i,False,,,False,False,,False,,False,1559957348.0,1559928548.0,,marketurbanism.com,0,False,0,{},False,False,bxxc4t,False,False,False,False,True,False,False,,,,[],,dark,text,False,,{},False,,,,[],t3_bxxc4t,False,337,2,,False,all_ads,/r/todayilearned/comments/bxxc4t/til_that_houston_is_the_only_major_us_city/,False,link,"{'images': [{'source': {'url': 'https://external-preview.redd.it/wgd9ywNwlwK26BCTb2zZiNWrpXCjof9XYReTSFXND4s.jpg?auto=webp&amp;s=fbfca9180c7711f6d6adee216f24a7c64d400fe2', 'width': 1280, 'height': 783}, 'resolutions': [{'url': 'https://external-preview.redd.it/wgd9ywNwlwK26BCTb2zZiNWrpXCjof9XYReTSFXND4s.jpg?width=108&amp;crop=smart&amp;auto=webp&amp;s=cacb7fa8bdb717e48e3c0f38a73e1e4cecd31836', 'width': 108, 'height': 66}, {'url': 'https://external-preview.redd.it/wgd9ywNwlwK26BCTb2zZiNWrpXCjof9XYReTSFXND4s.jpg?width=216&amp;crop=smart&amp;auto=webp&amp;s=d10e4252705c26e4939fa2e3108e98e62bc3a856', 'width': 216, 'height': 132}, {'url': 'https://external-preview.redd.it/wgd9ywNwlwK26BCTb2zZiNWrpXCjof9XYReTSFXND4s.jpg?width=320&amp;crop=smart&amp;auto=webp&amp;s=d979551c0ac5e34d7021d1fe6767efd84ca202eb', 'width': 320, 'height': 195}, {'url': 'https://external-preview.redd.it/wgd9ywNwlwK26BCTb2zZiNWrpXCjof9XYReTSFXND4s.jpg?width=640&amp;crop=smart&amp;auto=webp&amp;s=18bcce7a0fec0565297998df79240dd0916879a1', 'width': 640, 'height': 391}, {'url': 'https://external-preview.redd.it/wgd9ywNwlwK26BCTb2zZiNWrpXCjof9XYReTSFXND4s.jpg?width=960&amp;crop=smart&amp;auto=webp&amp;s=23c63a7def7c374d8380e6823ad3e47f9b67d851', 'width': 960, 'height': 587}, {'url': 'https://external-preview.redd.it/wgd9ywNwlwK26BCTb2zZiNWrpXCjof9XYReTSFXND4s.jpg?width=1080&amp;crop=smart&amp;auto=webp&amp;s=8af76ed006d21a30b28fa5ec481230f1ffe3f756', 'width': 1080, 'height': 660}], 'variants': {}, 'id': 'kLX5Kl5T072MPOVF51iLrMHOe1R7cDsrKOra6liPX3U'}], 'enabled': False}",6,False,,,False,2545,,{},,,True,False,False,todayilearned,t5_2qqjc,r/todayilearned,20943264,public,,https://b.thumbs.redditmedia.com/V9yqsPO9lyuUHTv9b0intxSrcSvBfSvL7mmlvrlAxOY.jpg,85.0,140.0,"TIL that Houston is the only major US city without single-use zoning. Retail, office enterprises, and homes are free to mix as the market demands.",0,2545,https://marketurbanism.com/2016/09/19/how-houston-regulates-land-use/,[],,False,all_ads,6
[],,,False,fraggle_captain,,,[],,,,text,t2_j9xd9,False,,,False,False,,False,,False,1559950177.0,1559921377.0,,tampabay.com,0,False,0,{},False,False,bxvy3m,False,False,False,False,True,False,False,,,,[],,dark,text,False,,{},False,,,,[],t3_bxvy3m,False,221,1,,False,all_ads,/r/todayilearned/comments/bxvy3m/til_two_nuns_teaching_at_a_california_elementary/,False,link,"{'images': [{'source': {'url': 'https://external-preview.redd.it/lpiJFydYT6qhpH9_b4ObhbQ23t_mfuR81baQ8PDR2jk.jpg?auto=webp&amp;s=7ba5de5f736eebb520bd088e3c3f6fbbc465ec0f', 'width': 1040, 'height': 576}, 'resolutions': [{'url': 'https://external-preview.redd.it/lpiJFydYT6qhpH9_b4ObhbQ23t_mfuR81baQ8PDR2jk.jpg?width=108&amp;crop=smart&amp;auto=webp&amp;s=20327230763a080df52c7f8c0de808d3414af4af', 'width': 108, 'height': 59}, {'url': 'https://external-preview.redd.it/lpiJFydYT6qhpH9_b4ObhbQ23t_mfuR81baQ8PDR2jk.jpg?width=216&amp;crop=smart&amp;auto=webp&amp;s=1724040f21cfc4a9c5375410b64bce4e6589aecd', 'width': 216, 'height': 119}, {'url': 'https://external-preview.redd.it/lpiJFydYT6qhpH9_b4ObhbQ23t_mfuR81baQ8PDR2jk.jpg?width=320&amp;crop=smart&amp;auto=webp&amp;s=9df627db554cf53731942dde2fbca2edd12cb1f9', 'width': 320, 'height': 177}, {'url': 'https://external-preview.redd.it/lpiJFydYT6qhpH9_b4ObhbQ23t_mfuR81baQ8PDR2jk.jpg?width=640&amp;crop=smart&amp;auto=webp&amp;s=18a11def7028b6af7162d77e72e08525d01201d6', 'width': 640, 'height': 354}, {'url': 'https://external-preview.redd.it/lpiJFydYT6qhpH9_b4ObhbQ23t_mfuR81baQ8PDR2jk.jpg?width=960&amp;crop=smart&amp;auto=webp&amp;s=0b63968f26501298e90493fc2d23105ba08c55f8', 'width': 960, 'height': 531}], 'variants': {}, 'id': '23aXhcvo70LyHOS8j39YW56EmR3pX3XnhBOVNJg8PTQ'}], 'enabled': False}",6,False,,,False,3690,,{},,,False,False,False,todayilearned,t5_2qqjc,r/todayilearned,20943264,public,,https://b.thumbs.redditmedia.com/7U-uhnkugYrYcVRRL-32MmpwPOOSnCzgU0oLMY4aX4g.jpg,77.0,140.0,"TIL - Two nuns teaching at a California Elementary School embezzled approximately $500,000 from their employer over a ten year period to fund their trips and casino visits. No charges are being pursued.",0,3690,https://www.tampabay.com/nation-world/two-nuns-stole-500000-for-trips-to-las-vegas-but-the-church-doesnt-want-them-prosecuted-20181210/,[],,False,all_ads,6
[],,,False,acacia-club-road,,,[],,,,text,t2_j1urw,False,,,False,False,,False,,False,1559989598.0,1559960798.0,,telegraph.co.uk,0,False,0,{},False,False,by2znc,False,False,False,False,True,False,False,,,,[],,dark,text,False,,{},False,,,,[],t3_by2znc,False,36,0,,False,all_ads,/r/todayilearned/comments/by2znc/til_a_ladybug_can_travel_at_speeds_of_up_to_37/,False,link,"{'images': [{'source': {'url': 'https://external-preview.redd.it/JQ471iAcdF_Id9YZNzKBZSvLmolvOUvY5wIM93YRQ-k.jpg?auto=webp&amp;s=dddefa5cf6c5c9104aa5bde5bac250058b2deeda', 'width': 858, 'height': 536}, 'resolutions': [{'url': 'https://external-preview.redd.it/JQ471iAcdF_Id9YZNzKBZSvLmolvOUvY5wIM93YRQ-k.jpg?width=108&amp;crop=smart&amp;auto=webp&amp;s=fdbbe93a63dbf345d65b6e975ee50e6235c6558f', 'width': 108, 'height': 67}, {'url': 'https://external-preview.redd.it/JQ471iAcdF_Id9YZNzKBZSvLmolvOUvY5wIM93YRQ-k.jpg?width=216&amp;crop=smart&amp;auto=webp&amp;s=b84d451aa368697ea295b38bc9e9a556a79c348d', 'width': 216, 'height': 134}, {'url': 'https://external-preview.redd.it/JQ471iAcdF_Id9YZNzKBZSvLmolvOUvY5wIM93YRQ-k.jpg?width=320&amp;crop=smart&amp;auto=webp&amp;s=25e242158f5a90af20c4de333b3c89924c78299c', 'width': 320, 'height': 199}, {'url': 'https://external-preview.redd.it/JQ471iAcdF_Id9YZNzKBZSvLmolvOUvY5wIM93YRQ-k.jpg?width=640&amp;crop=smart&amp;auto=webp&amp;s=3ff5a854a846d85b34469098b610862b0f370ae2', 'width': 640, 'height': 399}], 'variants': {}, 'id': '2WC2iM_cBBJGArEfZ3KXn3HTxi3sfXIE_Rcw3wZWELo'}], 'enabled': False}",6,False,,,False,416,,{},,,True,False,False,todayilearned,t5_2qqjc,r/todayilearned,20943264,public,,https://b.thumbs.redditmedia.com/6gmmyaDUiDO-ELu0zPb-pqyQBKoLEwQhodaw_0BfUdc.jpg,87.0,140.0,"TIL a Ladybug can travel at speeds of up to 37 MPH for up to two hours at heights of up to 3,600 feet",0,416,https://www.telegraph.co.uk/news/earth/wildlife/10700562/Is-it-a-bird-Is-it-a-plane-No-its-a-37mph-ladybird-at-3600ft.html,[],,False,all_ads,6
[],,,False,Minifig81,,points points-200 q-XfWSs9,[],,312,dark,text,t2_4olb3,False,,,False,False,,False,,False,1559994077.0,1559965277.0,,businessinsider.com,0,False,0,{},False,False,by3msj,False,False,False,False,True,False,False,,,,[],,dark,text,False,,{},False,,,,[],t3_by3msj,False,11,1,,False,all_ads,/r/todayilearned/comments/by3msj/til_as_of_aug_14_2012_scientists_have_discovered/,False,link,"{'images': [{'source': {'url': 'https://external-preview.redd.it/rARLgVQVphUwIhRC6QR7hXid-_FCf9hHH6cs2W9QZAA.jpg?auto=webp&amp;s=26830c647d9f3b4b5961e30db6d115a63b586ec1', 'width': 400, 'height': 300}, 'resolutions': [{'url': 'https://external-preview.redd.it/rARLgVQVphUwIhRC6QR7hXid-_FCf9hHH6cs2W9QZAA.jpg?width=108&amp;crop=smart&amp;auto=webp&amp;s=edf083c6a2f23e58c01e0a2dbffef8b5b0d2b055', 'width': 108, 'height': 81}, {'url': 'https://external-preview.redd.it/rARLgVQVphUwIhRC6QR7hXid-_FCf9hHH6cs2W9QZAA.jpg?width=216&amp;crop=smart&amp;auto=webp&amp;s=113fa9718194eacca42d6f70eccd612b92c5191c', 'width': 216, 'height': 162}, {'url': 'https://external-preview.redd.it/rARLgVQVphUwIhRC6QR7hXid-_FCf9hHH6cs2W9QZAA.jpg?width=320&amp;crop=smart&amp;auto=webp&amp;s=b48e545dbb8dd46ff366b61309282e5bb0e7e678', 'width': 320, 'height': 240}], 'variants': {}, 'id': '3Wy-HmAL4bl8xAGbVJFhIwfbjHR8bjwK3TiI_1VsaRc'}], 'enabled': False}",6,False,,,False,292,,{},,,False,False,False,todayilearned,t5_2qqjc,r/todayilearned,20943264,public,,https://b.thumbs.redditmedia.com/Hk048VroJSG2vwI1EAwu_MwPK2nj39XPwVW4hSYWkPQ.jpg,105.0,140.0,"TIL as of Aug. 14, 2012, scientists have discovered that the fighting on D-Day was so heavy that 4% of Normandy's sand was still shrapnel.",0,292,https://www.businessinsider.com/d-day-fighting-was-so-heavy-that-4-of-normandy-sand-is-still-shrapnel-2012-8?2,[],,False,all_ads,6
[],,,False,sideways_cat,,,[],,,,text,t2_qbj2iw3,False,,,False,False,,False,,False,1559988946.0,1559960146.0,,kingofthehill.fandom.com,0,False,0,{},False,False,by2wbz,False,False,False,False,True,False,False,,,,[],,dark,text,False,,{},False,,,,[],t3_by2wbz,False,22,0,,False,all_ads,/r/todayilearned/comments/by2wbz/til_that_brad_pitt_joined_the_cast_of_king_of_the/,False,link,"{'images': [{'source': {'url': 'https://external-preview.redd.it/ZC3JccHrITYUIotZ_BQmDKRWZW7PoU0_am70bNJUbm8.jpg?auto=webp&amp;s=29aa740be8f97beb46cde04ef6d0010b2be7b0f6', 'width': 255, 'height': 284}, 'resolutions': [{'url': 'https://external-preview.redd.it/ZC3JccHrITYUIotZ_BQmDKRWZW7PoU0_am70bNJUbm8.jpg?width=108&amp;crop=smart&amp;auto=webp&amp;s=e498608acc1db8e84f8c5cd62e1cac1c9c7ff4d6', 'width': 108, 'height': 120}, {'url': 'https://external-preview.redd.it/ZC3JccHrITYUIotZ_BQmDKRWZW7PoU0_am70bNJUbm8.jpg?width=216&amp;crop=smart&amp;auto=webp&amp;s=86f567054edf93a49e3247802bb570597b80cf24', 'width': 216, 'height': 240}], 'variants': {}, 'id': '67I64MAk8NWrBWVvtrjIQknQhEePtuMVI5MJ8YcTYL0'}], 'enabled': False}",6,False,,,False,327,,{},,,True,False,False,todayilearned,t5_2qqjc,r/todayilearned,20943264,public,,https://b.thumbs.redditmedia.com/GG0FyHrPbU-_l1-s5VmhvFTgBqiAIEjB2GHLbh9oxYM.jpg,140.0,140.0,TIL that Brad Pitt joined the cast of King of the Hill for two episodes to play Boomhauer’s playboy brother.,0,327,https://kingofthehill.fandom.com/wiki/Patch_Boomhauer,[],,False,all_ads,6
[],,,False,SoChaGeo,,,[],,,,text,t2_103x9t,False,,,False,False,,False,,False,1559988144.0,1559959344.0,,thegrio.com,0,False,0,{},False,False,by2s0f,False,False,False,False,True,False,False,,,,[],,dark,text,False,,{},False,,,,[],t3_by2s0f,False,42,0,,False,all_ads,/r/todayilearned/comments/by2s0f/til_devonte_hart_the_12_year_old_boy_in_the/,False,link,"{'images': [{'source': {'url': 'https://external-preview.redd.it/p9s4LNc_YGmdT2YnaQ6yLmOwAk1k2652akyRrh_v39U.jpg?auto=webp&amp;s=6f7c7becd3a37b784b97fc5978eeb977c283a422', 'width': 1200, 'height': 674}, 'resolutions': [{'url': 'https://external-preview.redd.it/p9s4LNc_YGmdT2YnaQ6yLmOwAk1k2652akyRrh_v39U.jpg?width=108&amp;crop=smart&amp;auto=webp&amp;s=283417c9f8830c89a76f7dc521a2effe9e8f0b3d', 'width': 108, 'height': 60}, {'url': 'https://external-preview.redd.it/p9s4LNc_YGmdT2YnaQ6yLmOwAk1k2652akyRrh_v39U.jpg?width=216&amp;crop=smart&amp;auto=webp&amp;s=de6537a4f20bfa134c77fc6b1e2665f3678c0e68', 'width': 216, 'height': 121}, {'url': 'https://external-preview.redd.it/p9s4LNc_YGmdT2YnaQ6yLmOwAk1k2652akyRrh_v39U.jpg?width=320&amp;crop=smart&amp;auto=webp&amp;s=53f11110d70d30f9ba007a2f3c79f1f16d1eb93d', 'width': 320, 'height': 179}, {'url': 'https://external-preview.redd.it/p9s4LNc_YGmdT2YnaQ6yLmOwAk1k2652akyRrh_v39U.jpg?width=640&amp;crop=smart&amp;auto=webp&amp;s=28198cdd7df4d26e032ede6ab24c25d13ad4a741', 'width': 640, 'height': 359}, {'url': 'https://external-preview.redd.it/p9s4LNc_YGmdT2YnaQ6yLmOwAk1k2652akyRrh_v39U.jpg?width=960&amp;crop=smart&amp;auto=webp&amp;s=a879c1642c32e5692ee16035d925da2379a8cc14', 'width': 960, 'height': 539}, {'url': 'https://external-preview.redd.it/p9s4LNc_YGmdT2YnaQ6yLmOwAk1k2652akyRrh_v39U.jpg?width=1080&amp;crop=smart&amp;auto=webp&amp;s=175b716cd813812322de53b106e2c0811934a8ed', 'width': 1080, 'height': 606}], 'variants': {}, 'id': 'CH1XR5mf6FnhDYf7-_4jchXjlkguc6DzvBEeXYd3QIw'}], 'enabled': False}",6,False,,,False,340,,{},,,True,False,False,todayilearned,t5_2qqjc,r/todayilearned,20943264,public,,https://a.thumbs.redditmedia.com/ank3DcvZqFW83RaJNzaOAKx18X1HeYr-TiIs1m9GSY4.jpg,78.0,140.0,"TIL Devonte Hart, the 12 year old boy in the iconic photo hugging the cop, was murdered last year along with his 5 adopted siblings, by his parents.",0,340,https://thegrio.com/2018/08/26/devonte-hart-missing-or-dead/,[],,False,all_ads,6
[],,,False,Ohio_,,,[],,,,text,t2_i19rk,False,,,False,False,,False,,False,1560001140.0,1559972340.0,,softschools.com,0,False,0,{},False,False,by4pqu,False,False,False,False,True,False,False,,,,[],,dark,text,False,,{},False,,,,[],t3_by4pqu,False,43,0,,False,all_ads,/r/todayilearned/comments/by4pqu/til_that_it_is_estimated_that_approximately_35/,False,,,6,False,,,False,121,,{},,,True,False,False,todayilearned,t5_2qqjc,r/todayilearned,20943264,public,,default,,,TIL that it is estimated that approximately 35 million Americans are descendants of the original 102 passengers who came to America aboard the Mayflower.,0,121,http://www.softschools.com/facts/us_history/mayflower_facts/2731/,[],,False,all_ads,6
[],,,False,RtRevJimmy,,,[],,,,text,t2_h62yl0,False,,,False,False,,False,,False,1560001791.0,1559972991.0,,back2stonewall.com,0,False,0,{},False,False,by4sog,False,False,False,False,True,False,False,,,,[],,dark,text,False,,{},False,,,,[],t3_by4sog,False,13,0,,False,all_ads,/r/todayilearned/comments/by4sog/til_the_singing_nun_known_for_her_unexpected_1963/,False,link,"{'images': [{'source': {'url': 'https://external-preview.redd.it/o9lhheCrS4VtYR2r4ifciAWn2UWvjNst21Q2tpntM24.jpg?auto=webp&amp;s=0049ae1a9ad5f7b8ff9aea4bea6798475f5a9047', 'width': 407, 'height': 239}, 'resolutions': [{'url': 'https://external-preview.redd.it/o9lhheCrS4VtYR2r4ifciAWn2UWvjNst21Q2tpntM24.jpg?width=108&amp;crop=smart&amp;auto=webp&amp;s=34b2dc10619474f25a318ded0da419c3f9fa67d1', 'width': 108, 'height': 63}, {'url': 'https://external-preview.redd.it/o9lhheCrS4VtYR2r4ifciAWn2UWvjNst21Q2tpntM24.jpg?width=216&amp;crop=smart&amp;auto=webp&amp;s=8d16f4e61063595085741fe97fde6aa863e5fa61', 'width': 216, 'height': 126}, {'url': 'https://external-preview.redd.it/o9lhheCrS4VtYR2r4ifciAWn2UWvjNst21Q2tpntM24.jpg?width=320&amp;crop=smart&amp;auto=webp&amp;s=9e8db8a4446bb36712953d996088be65d150ec10', 'width': 320, 'height': 187}], 'variants': {}, 'id': 'XyoITsu0oqf08_JnuESa50-72qByVpMrt40c4cIRIBQ'}], 'enabled': False}",6,False,,,False,95,,{},,,True,False,False,todayilearned,t5_2qqjc,r/todayilearned,20943264,public,,https://b.thumbs.redditmedia.com/HNPlFQHWOgOH8JTRXTay3NT8oPUM9k86NMuMUlYNyrQ.jpg,82.0,140.0,"TIL: The Singing Nun, known for her unexpected 1963 hit ""Dominique"" left her convent in 1966, recorded a single singing the praises of contraception, entered into a lesbian relationship with a woman 11 years younger than her, and ended up committing suicide with her lover in 1985.",0,95,http://www.back2stonewall.com/2018/03/lgbt-history-tragic-life-jeanne-deckers-aka-singing-nun.html,[],,False,all_ads,6
[],,,False,Foggydoggbreath,,,[],,,,text,t2_3cn6fegy,False,,,False,False,,False,,False,1559957868.0,1559929068.0,,newsweek.com,0,False,0,{},False,False,bxxflh,False,False,False,False,True,False,False,,,,[],,dark,text,False,,{},False,,,,[],t3_bxxflh,False,117,0,,False,all_ads,/r/todayilearned/comments/bxxflh/til_there_are_as_many_as_2000_serial_killers/,False,link,"{'images': [{'source': {'url': 'https://external-preview.redd.it/67kdiUWsTXGak6ECvuEmgzUiHsszIhyshJYXQlKh_ZI.jpg?auto=webp&amp;s=a72860018d4ecfa1fd290ed0ffe7f64d23551000', 'width': 1820, 'height': 1053}, 'resolutions': [{'url': 'https://external-preview.redd.it/67kdiUWsTXGak6ECvuEmgzUiHsszIhyshJYXQlKh_ZI.jpg?width=108&amp;crop=smart&amp;auto=webp&amp;s=4407f327617edfc345eb16e32f90977564e45f64', 'width': 108, 'height': 62}, {'url': 'https://external-preview.redd.it/67kdiUWsTXGak6ECvuEmgzUiHsszIhyshJYXQlKh_ZI.jpg?width=216&amp;crop=smart&amp;auto=webp&amp;s=e9ec4e3dd5a778c7bd5c184136ad250dfddc4190', 'width': 216, 'height': 124}, {'url': 'https://external-preview.redd.it/67kdiUWsTXGak6ECvuEmgzUiHsszIhyshJYXQlKh_ZI.jpg?width=320&amp;crop=smart&amp;auto=webp&amp;s=ee3ec96c7acbabf464c3b1063d49d1908440e772', 'width': 320, 'height': 185}, {'url': 'https://external-preview.redd.it/67kdiUWsTXGak6ECvuEmgzUiHsszIhyshJYXQlKh_ZI.jpg?width=640&amp;crop=smart&amp;auto=webp&amp;s=ad42f3b63f3c2343f27a2acdbe72efa77d545adc', 'width': 640, 'height': 370}, {'url': 'https://external-preview.redd.it/67kdiUWsTXGak6ECvuEmgzUiHsszIhyshJYXQlKh_ZI.jpg?width=960&amp;crop=smart&amp;auto=webp&amp;s=3cf76966304c475ad1f644b0ec23fcd5e283d1e7', 'width': 960, 'height': 555}, {'url': 'https://external-preview.redd.it/67kdiUWsTXGak6ECvuEmgzUiHsszIhyshJYXQlKh_ZI.jpg?width=1080&amp;crop=smart&amp;auto=webp&amp;s=888bed4ea1630d104f1bcbb59cbb2cbd52eb218f', 'width': 1080, 'height': 624}], 'variants': {}, 'id': 'rJIUpcM1t9uODK-TFD4mlN2Ljf_Q-pJPlBqYKSLXJ4k'}], 'enabled': False}",6,False,,,False,867,,{},,,True,False,False,todayilearned,t5_2qqjc,r/todayilearned,20943264,public,,https://b.thumbs.redditmedia.com/5zF6e3-gU9CiP7fGcUPlCuZ8uxoFrHPu6GI-GpDV-JQ.jpg,81.0,140.0,"TIL there are as many as 2,000 serial killers currently at large in the United States",0,867,https://www.newsweek.com/serial-killers-united-states-how-many-718232,[],,False,all_ads,6
[],,,False,Armitando,,,[],,,,text,t2_5y0rg,False,,,False,False,,False,,False,1559969471.0,1559940671.0,,en.wikipedia.org,0,False,0,{},False,False,bxzog4,False,False,False,False,True,False,False,,,,[],,dark,text,False,,{},False,,,,[],t3_bxzog4,False,41,0,,False,all_ads,/r/todayilearned/comments/bxzog4/til_in_1930_spain_printed_a_series_of_postage/,False,link,"{'images': [{'source': {'url': 'https://external-preview.redd.it/V6nzZOwVYn8HrxJBmCrQfnOVEWC7Vq5O-AY9v15r-Kg.jpg?auto=webp&amp;s=114e91e037645040e5a2cf97a2606a3cd3f099a5', 'width': 669, 'height': 489}, 'resolutions': [{'url': 'https://external-preview.redd.it/V6nzZOwVYn8HrxJBmCrQfnOVEWC7Vq5O-AY9v15r-Kg.jpg?width=108&amp;crop=smart&amp;auto=webp&amp;s=45f9645cf4e769659e718ec56142e760739348a8', 'width': 108, 'height': 78}, {'url': 'https://external-preview.redd.it/V6nzZOwVYn8HrxJBmCrQfnOVEWC7Vq5O-AY9v15r-Kg.jpg?width=216&amp;crop=smart&amp;auto=webp&amp;s=4006d31835a376db803292b5ede419ec66c4db8b', 'width': 216, 'height': 157}, {'url': 'https://external-preview.redd.it/V6nzZOwVYn8HrxJBmCrQfnOVEWC7Vq5O-AY9v15r-Kg.jpg?width=320&amp;crop=smart&amp;auto=webp&amp;s=af287e0a4660a94b89a34d073537042d1de689f5', 'width': 320, 'height': 233}, {'url': 'https://external-preview.redd.it/V6nzZOwVYn8HrxJBmCrQfnOVEWC7Vq5O-AY9v15r-Kg.jpg?width=640&amp;crop=smart&amp;auto=webp&amp;s=93d42017025dc1d3fec9f4168076d5a0e1703077', 'width': 640, 'height': 467}], 'variants': {}, 'id': 'kKWcreQMFd6pOX-MSxE3hX0NyH0RA-iGWeAwL-Y97VQ'}], 'enabled': False}",6,False,,,False,456,,{},,,True,False,False,todayilearned,t5_2qqjc,r/todayilearned,20943264,public,,https://b.thumbs.redditmedia.com/eiebhOto3YBIbREYNgmsgWyarvCnwpG72cql_5JSaoo.jpg,102.0,140.0,"TIL in 1930, Spain printed a series of postage stamps featuring Goya's ""Naked Maja"" painting. The United States refused all mail sent with this stamp.",0,456,https://en.wikipedia.org/wiki/Naked_Maja_(postage_stamps)#Response,[],,False,all_ads,6
[],,,False,shadowgyro,,,[],,,,text,t2_bq3um3m,False,,,False,False,,False,,False,1560003951.0,1559975151.0,,irishtimes.com,0,False,0,{},False,False,by52ar,False,False,False,False,True,False,False,,,,[],,dark,text,False,,{},False,,,,[],t3_by52ar,False,8,0,,False,all_ads,/r/todayilearned/comments/by52ar/til_that_in_early_20th_century_doctors_had_a/,False,link,"{'images': [{'source': {'url': 'https://external-preview.redd.it/RvX7FB2gaSOQZKXa1nBQqCJrJ6CTYpnE1b0SYZ1Q5DM.jpg?auto=webp&amp;s=7dfe62e31de12d9732932eda86e24c571f2d5efa', 'width': 512, 'height': 512}, 'resolutions': [{'url': 'https://external-preview.redd.it/RvX7FB2gaSOQZKXa1nBQqCJrJ6CTYpnE1b0SYZ1Q5DM.jpg?width=108&amp;crop=smart&amp;auto=webp&amp;s=420989e6641610af5a6d95dd02d5d1a5ee637fcd', 'width': 108, 'height': 108}, {'url': 'https://external-preview.redd.it/RvX7FB2gaSOQZKXa1nBQqCJrJ6CTYpnE1b0SYZ1Q5DM.jpg?width=216&amp;crop=smart&amp;auto=webp&amp;s=3ba26f656491513026ad60179047fb9c9227f83c', 'width': 216, 'height': 216}, {'url': 'https://external-preview.redd.it/RvX7FB2gaSOQZKXa1nBQqCJrJ6CTYpnE1b0SYZ1Q5DM.jpg?width=320&amp;crop=smart&amp;auto=webp&amp;s=b6a8c15ca0c194bfa0e5594e4e873d4246896000', 'width': 320, 'height': 320}], 'variants': {}, 'id': 'CKo9hE3Oq-lYMi_Lv0bLgg9Hmt4xcjeC1F4J-fzq2W8'}], 'enabled': False}",6,False,,,False,78,,{},,,True,False,False,todayilearned,t5_2qqjc,r/todayilearned,20943264,public,,https://b.thumbs.redditmedia.com/iX8TpJxUimat6PrjzDKcwsXTOUPImIBjHNBmiKgwb6Y.jpg,140.0,140.0,"TIL that in early 20th century doctors had a biased understanding of human anatomy because of only having access to the cadavers of poor people. In anatomy classes, they were used to the enlarged adrenal glands (which was actually caused by stress from poverty) and thought this was the normal size",0,78,https://www.irishtimes.com/news/anatomists-misled-by-poor-corpses-1.281094,[],,False,all_ads,6
[],,,False,willburn61,,,[],,,,text,t2_s38oy54,False,,,False,False,,False,,False,1560004627.0,1559975827.0,,theatlantic.com,0,False,0,{},False,False,by5529,False,False,False,False,True,False,False,,,,[],,dark,text,False,,{},False,,,,[],t3_by5529,False,11,0,,False,all_ads,/r/todayilearned/comments/by5529/til_china_banned_back_to_the_future_because_it/,False,link,"{'images': [{'source': {'url': 'https://external-preview.redd.it/wXmj-Xvf3UCr-ZATtWNXINorOfCYeIwnPCuR3RSG1iw.jpg?auto=webp&amp;s=899b21e58a4b44f15bb19f43f319e14abd72a87f', 'width': 600, 'height': 315}, 'resolutions': [{'url': 'https://external-preview.redd.it/wXmj-Xvf3UCr-ZATtWNXINorOfCYeIwnPCuR3RSG1iw.jpg?width=108&amp;crop=smart&amp;auto=webp&amp;s=dc57d565d80da3861fb022d71f62109d7c3c273b', 'width': 108, 'height': 56}, {'url': 'https://external-preview.redd.it/wXmj-Xvf3UCr-ZATtWNXINorOfCYeIwnPCuR3RSG1iw.jpg?width=216&amp;crop=smart&amp;auto=webp&amp;s=2ac48347c65b351b01765596fc102432b3f42f3f', 'width': 216, 'height': 113}, {'url': 'https://external-preview.redd.it/wXmj-Xvf3UCr-ZATtWNXINorOfCYeIwnPCuR3RSG1iw.jpg?width=320&amp;crop=smart&amp;auto=webp&amp;s=8981abc99865a29daa70f84244f764e2fdc030a4', 'width': 320, 'height': 168}], 'variants': {}, 'id': 'XjD93onmkksdrFmORQqi_aCs8QOS0eQlk_tS5k-WHJE'}], 'enabled': False}",6,False,,,False,75,,{},,,True,False,False,todayilearned,t5_2qqjc,r/todayilearned,20943264,public,,https://b.thumbs.redditmedia.com/bjJcVxisFMBI0-CgTXdgUA0qeqTXwBkrO8Ab5S3tZeg.jpg,73.0,140.0,TIL China banned Back to the Future because it contained time travel.,0,75,https://www.theatlantic.com/notes/2015/10/no-back-to-the-future-reruns-in-china-this-week/412291/,[],,False,all_ads,6
[],,,False,Zyrotot,,,[],,,,text,t2_dg84r7d,False,,,False,False,,False,,False,1559990909.0,1559962109.0,,cbc.ca,0,False,0,{},False,False,by36n3,False,False,False,False,True,False,False,,,,[],,dark,text,False,,{},False,,,,[],t3_by36n3,False,22,0,,False,all_ads,/r/todayilearned/comments/by36n3/til_about_francis_wharton_who_had_no_teeth_killed/,False,link,"{'images': [{'source': {'url': 'https://external-preview.redd.it/KbmTj8WIUS-JiLgh-j6Hs5zoBSWghnvsEz-b_Sdq3fg.jpg?auto=webp&amp;s=33abebacbc7c82c388edad7d866ee2fb9534bec8', 'width': 620, 'height': 349}, 'resolutions': [{'url': 'https://external-preview.redd.it/KbmTj8WIUS-JiLgh-j6Hs5zoBSWghnvsEz-b_Sdq3fg.jpg?width=108&amp;crop=smart&amp;auto=webp&amp;s=e098361d094215263dfc1f1db736a2a26ecf5e54', 'width': 108, 'height': 60}, {'url': 'https://external-preview.redd.it/KbmTj8WIUS-JiLgh-j6Hs5zoBSWghnvsEz-b_Sdq3fg.jpg?width=216&amp;crop=smart&amp;auto=webp&amp;s=6cccb65c9d84d72ffb81765c2cea1b97558953a8', 'width': 216, 'height': 121}, {'url': 'https://external-preview.redd.it/KbmTj8WIUS-JiLgh-j6Hs5zoBSWghnvsEz-b_Sdq3fg.jpg?width=320&amp;crop=smart&amp;auto=webp&amp;s=bb6eeb9a4388a6c6a1933a1d316e9194b6066937', 'width': 320, 'height': 180}], 'variants': {}, 'id': 'B_pzWVuYvtjSGciKPXAYuBW7jmUVzmTym2e_yIQ7PUg'}], 'enabled': False}",6,False,,,False,143,,{},,,True,False,False,todayilearned,t5_2qqjc,r/todayilearned,20943264,public,,https://b.thumbs.redditmedia.com/cLf92KccMb6h9CQim8UfTnGOpv1nIuUvQUUp9XtdJ_I.jpg,78.0,140.0,"TIL about Francis Wharton, who had no teeth, killed a deer, made a denture out of the animals teeth and then ate the deer",0,143,https://www.cbc.ca/news/canada/british-columbia/francis-wharton-killed-deer-dentures-teeth-1.3211739,[],,False,all_ads,6
[],,,False,Crusader1089,,points points-5 q-FMjYb0,[],,7,dark,text,t2_7suea,False,,,False,False,,False,,False,1559963295.0,1559934495.0,,en.wikipedia.org,0,False,0,{},False,False,bxyic5,False,False,False,False,True,False,False,,,,[],,dark,text,False,,{},False,,,,[],t3_bxyic5,False,39,0,,False,all_ads,/r/todayilearned/comments/bxyic5/til_spielberg_initially_considered_making/,False,link,"{'images': [{'source': {'url': 'https://external-preview.redd.it/imP8ur55r1RqD9ONM8gms4KZ47RjNOa8zXhcaFSlk8g.jpg?auto=webp&amp;s=1d3f3843cbd5e78e8b13817e315828b118304208', 'width': 220, 'height': 330}, 'resolutions': [{'url': 'https://external-preview.redd.it/imP8ur55r1RqD9ONM8gms4KZ47RjNOa8zXhcaFSlk8g.jpg?width=108&amp;crop=smart&amp;auto=webp&amp;s=abb977ebe0ff359ec056f2a5e5feef1a201050d0', 'width': 108, 'height': 162}, {'url': 'https://external-preview.redd.it/imP8ur55r1RqD9ONM8gms4KZ47RjNOa8zXhcaFSlk8g.jpg?width=216&amp;crop=smart&amp;auto=webp&amp;s=b8e7570d0a1236565ffec2247861dbdb48954a31', 'width': 216, 'height': 324}], 'variants': {}, 'id': 'z8Cd2Fc-J7okDnRLzfwlimwrKi-dk0EVPKpqrP4opQE'}], 'enabled': False}",6,False,,,False,531,,{},,,True,False,False,todayilearned,t5_2qqjc,r/todayilearned,20943264,public,,https://b.thumbs.redditmedia.com/H5jw85jUAk7KV-Jf3iAf-DLAvbatSEIaNsC9r1bRdLg.jpg,140.0,140.0,"TIL Spielberg initially considered making Schindler's List entirely in German and Polish, but decided ""there's too much safety in reading [subtitles]. It would have been an excuse [for the audience] to take their eyes off the screen and watch something else.""",0,531,https://en.wikipedia.org/wiki/Schindler%27s_List#Filming,[],,False,all_ads,6
[],,,False,hypersite,,,[],,,,text,t2_ds3wb,False,,,False,False,,False,,False,1559984050.0,1559955250.0,,en.wikipedia.org,0,False,0,{},False,False,by26eg,False,False,False,False,True,False,False,,,,[],,dark,text,False,,{},False,,,,[],t3_by26eg,False,13,0,,False,all_ads,/r/todayilearned/comments/by26eg/til_that_in_bees_age_is_preponderant_in_the/,False,link,"{'images': [{'source': {'url': 'https://external-preview.redd.it/5xWv1sj-nvEMqeM876XWjQ5yg9Rjhr0nKDKqTaXsfgg.jpg?auto=webp&amp;s=4cf7201b6c121b8a325fe081ca051dc7c4440fd7', 'width': 220, 'height': 166}, 'resolutions': [{'url': 'https://external-preview.redd.it/5xWv1sj-nvEMqeM876XWjQ5yg9Rjhr0nKDKqTaXsfgg.jpg?width=108&amp;crop=smart&amp;auto=webp&amp;s=ced20bf5b82b0aa250b7834472eb210f2f21ab2f', 'width': 108, 'height': 81}, {'url': 'https://external-preview.redd.it/5xWv1sj-nvEMqeM876XWjQ5yg9Rjhr0nKDKqTaXsfgg.jpg?width=216&amp;crop=smart&amp;auto=webp&amp;s=9b39070c2050dcb563e82a5a14dc2f06bbd95159', 'width': 216, 'height': 162}], 'variants': {}, 'id': 'DF9ersV0BklKQN_Qfy3QXGwLcptpRBOb5Yhd9GgqI0I'}], 'enabled': False}",6,False,,,False,133,,{},,,True,False,False,todayilearned,t5_2qqjc,r/todayilearned,20943264,public,,https://b.thumbs.redditmedia.com/5qnqCI9phtbhOa9HwU2TbkHvwnm98KKLKf0O5QAnvko.jpg,105.0,140.0,"TIL that In bees, age is preponderant in the distribution of tasks. From 0 to 6 days, they clean the hive. From 7 to 12 days, they feed the larvae. From 12 to 21 days, they carve the rays. Finally, from 22 days until their death, they pollinate the pollen of flowers. Other more specific tasks exist.",0,133,https://en.wikipedia.org/wiki/Bee,[],,False,all_ads,6
[],,,False,catwhatcat,,,[],,,,text,t2_1u1v5bjh,False,,,False,False,,False,,False,1559987954.0,1559959154.0,,smithsonianmag.com,0,False,0,{},False,False,by2qyg,False,False,False,False,True,False,False,,,,[],,dark,text,False,,{},False,,,,[],t3_by2qyg,False,5,0,,False,all_ads,/r/todayilearned/comments/by2qyg/til_us_fireflies_are_not_the_same_in_the_west_as/,False,link,"{'images': [{'source': {'url': 'https://external-preview.redd.it/0cllilcaaF75o7bZ9AoUefixV01t4WdRyP1aa0EnJJ0.jpg?auto=webp&amp;s=701a9c8fdc5e4af78db3cede4b08d3def5d6cb25', 'width': 1072, 'height': 800}, 'resolutions': [{'url': 'https://external-preview.redd.it/0cllilcaaF75o7bZ9AoUefixV01t4WdRyP1aa0EnJJ0.jpg?width=108&amp;crop=smart&amp;auto=webp&amp;s=37e1bd313f00631e7dd190a3cc74299611fd16c1', 'width': 108, 'height': 80}, {'url': 'https://external-preview.redd.it/0cllilcaaF75o7bZ9AoUefixV01t4WdRyP1aa0EnJJ0.jpg?width=216&amp;crop=smart&amp;auto=webp&amp;s=92319949675785dbb2db30262f7cda69764e9627', 'width': 216, 'height': 161}, {'url': 'https://external-preview.redd.it/0cllilcaaF75o7bZ9AoUefixV01t4WdRyP1aa0EnJJ0.jpg?width=320&amp;crop=smart&amp;auto=webp&amp;s=8e8a967f6705e07d747da6e81685743e1890191c', 'width': 320, 'height': 238}, {'url': 'https://external-preview.redd.it/0cllilcaaF75o7bZ9AoUefixV01t4WdRyP1aa0EnJJ0.jpg?width=640&amp;crop=smart&amp;auto=webp&amp;s=2e780962a252b74115dfbed364221dc666cda9e0', 'width': 640, 'height': 477}, {'url': 'https://external-preview.redd.it/0cllilcaaF75o7bZ9AoUefixV01t4WdRyP1aa0EnJJ0.jpg?width=960&amp;crop=smart&amp;auto=webp&amp;s=f3feb8a41274a1a3368ee5d0e74f1ad5de54a0a6', 'width': 960, 'height': 716}], 'variants': {}, 'id': 'cqq6RGmKhQgxJlD-kxfnTsWn7DFatBj_Mjh8RC169RY'}], 'enabled': False}",6,False,,,False,105,,{},,,True,False,False,todayilearned,t5_2qqjc,r/todayilearned,20943264,public,,https://b.thumbs.redditmedia.com/BoIZ8UccPyfhsVq88zC62qI9V_pDe5Eau9YXoeqYBDc.jpg,104.0,140.0,TIL: US fireflies are not the same in the west as the east. Eastern male fireflies glow during flight while Western female fireflies glow very faintly while grounded.,0,105,https://www.smithsonianmag.com/smithsonian-institution/why-no-fireflies-united-states-180968394/,[],,False,all_ads,6
